-455.205,395.974,-831.996,-15.0232
501.419,387.463,-849.937,-332.277
512,400.074,-940.614,-571.771
510.46,400.068,-945.409,-784.099
510.46,400.068,-945.409,-834.897
510.46,400.068,-945.409,-843.974
510.48,400.098,-945.562,-927.342
510.476,400.098,-945.569,-908.765
510.476,400.098,-945.569,-936.134
510.477,400.099,-945.577,-928.757
510.477,400.099,-945.577,-932.119
510.477,400.1,-945.578,-934.707
510.477,400.1,-945.578,-938.23
510.477,400.1,-945.578,-929.666
510.477,400.1,-945.578,-925.734
510.477,400.1,-945.578,-920.992
510.477,400.1,-945.578,-936.597
510.477,400.1,-945.578,-933.209
510.477,400.1,-945.578,-917.284
510.477,400.1,-945.578,-931.903
510.477,400.1,-945.578,-923.675
510.477,400.1,-945.578,-937.58
510.477,400.1,-945.578,-932.047
510.477,400.558,-948.146,-932.654
510.477,400.558,-948.146,-924.792
510.477,400.569,-948.202,-936.266
510.477,400.569,-948.202,-920.239
510.477,400.569,-948.202,-940.329
510.477,400.57,-948.208,-940.243
510.477,400.57,-948.208,-943.199
510.477,400.57,-948.208,-921.275
510.477,400.57,-948.208,-923.487
510.477,400.57,-948.208,-931.166
510.477,400.57,-948.208,-931.174
510.477,400.57,-948.208,-925.4
510.477,400.57,-948.208,-941.264
510.477,400.57,-948.208,-928.684
510.477,400.57,-948.208,-923.979
510.477,400.57,-948.208,-936.748
510.477,400.57,-948.208,-934.58
510.477,400.57,-948.208,-941.418
510.477,400.57,-948.208,-927.265
510.477,400.57,-948.208,-932.615
510.477,402.765,-954.093,-942.682
510.477,402.765,-954.093,-931.692
510.477,402.765,-954.093,-911.442
510.477,402.776,-954.096,-925.624
510.477,402.776,-954.096,-948.856
510.477,402.777,-954.096,-931.156
511.989,402.776,-957.252,-937.919
511.989,402.776,-957.252,-922.914
511.989,402.776,-957.252,-928.728
512,402.777,-957.259,-931.059
512,402.777,-957.259,-930.107
512,402.777,-957.259,-938.996
512,402.777,-957.259,-937.771
512,402.777,-957.259,-939.27
512,402.777,-957.259,-954.307
512,402.777,-957.259,-936.991
512,402.777,-957.259,-934.135
512,402.777,-957.259,-927.365
512,402.777,-957.259,-947.456
512,402.777,-957.259,-947.327
512,402.777,-957.259,-940.724
512,402.777,-957.259,-946.811
512,402.777,-957.259,-935.539
512,402.777,-957.259,-934.978
512,402.777,-957.259,-936.959
512,402.777,-957.259,-942.593
512,402.777,-957.259,-944.559
512,402.777,-957.259,-937.98
512,402.777,-957.259,-948.302
512,402.777,-957.259,-923.159
512,402.777,-957.259,-938.385
512,402.777,-957.259,-935.366
512,402.777,-957.259,-929.421
512,402.777,-957.259,-935.383
512,402.777,-957.259,-939.544
512,402.777,-957.259,-928.001
512,402.777,-957.259,-934.927
512,402.777,-957.259,-932.677
512,402.777,-957.259,-941.063
512,402.777,-957.259,-939.974
512,402.777,-957.259,-943.196
512,402.777,-957.259,-938.012
512,402.777,-957.259,-943.847
512,402.777,-957.259,-938.631
512,402.777,-957.259,-922.214
512,402.777,-957.259,-936.26
512,402.777,-957.259,-954.952
512,402.777,-957.259,-943.87
512,402.777,-957.259,-934.502
512,402.777,-957.259,-939.149
512,402.777,-957.259,-934.861
512,402.777,-957.259,-944.474
512,402.777,-957.259,-929.901
512,402.777,-957.259,-945.278
512,402.777,-957.259,-947.161
512,402.777,-957.259,-927.79
512,402.777,-957.259,-917.479
512,402.777,-957.259,-950.201
512,402.777,-957.259,-936.798
512,402.777,-957.259,-944.894
512,402.777,-957.259,-946.416
512,402.777,-957.259,-928.845
512,402.777,-957.259,-945.833
512,402.777,-957.259,-932.402
512,402.777,-957.259,-936.054
512,402.777,-957.259,-936.601
512,402.777,-957.259,-945.672
512,402.777,-957.259,-935.987
512,402.777,-957.259,-921.664
512,402.777,-957.259,-927.041
512,402.777,-957.259,-935.034
512,402.777,-957.259,-942.97
512,402.777,-957.259,-932.443
512,402.777,-957.259,-952.981
512,402.777,-957.259,-935.125
512,402.777,-957.259,-936.083
512,402.777,-957.259,-947.8
512,402.777,-957.259,-942.511
512,402.777,-957.259,-952.774
512,402.777,-957.259,-953.68
512,402.777,-957.259,-932.992
512,402.777,-957.259,-933.261
512,402.777,-957.259,-930.593
512,402.777,-957.259,-942.508
512,402.777,-957.259,-950.443
512,402.777,-957.259,-930.849
512,402.777,-957.259,-946.411
512,402.777,-957.259,-940.774
512,402.777,-957.259,-942.141
512,402.777,-957.259,-937.969
512,402.777,-957.259,-948.157
512,402.777,-957.259,-941.579
512,402.777,-957.259,-944.239
512,402.777,-957.259,-948.155
512,402.777,-957.259,-935.21
512,402.777,-957.259,-937.538
512,402.777,-957.259,-951.978
512,402.777,-957.259,-941.06
512,402.777,-957.259,-940.573
512,402.777,-957.259,-937.349
512,402.777,-957.259,-939.528
512,402.777,-957.259,-945.868
512,402.777,-957.259,-941.083
512,402.777,-957.259,-937.289
512,402.777,-957.259,-939.671
512,404.971,-959.017,-937.583
512,404.971,-959.017,-949.505
512,404.952,-959.048,-947.559
512,404.91,-959.116,-939.216
512,404.91,-959.116,-947.349
512,404.91,-959.116,-942.435
512,404.91,-959.116,-952.956
512,404.91,-959.116,-932.322
512,404.91,-959.116,-930.171
512,404.91,-959.116,-937.817
512,404.91,-959.116,-940.491
512,404.91,-959.116,-943.998
512,404.91,-959.116,-939.861
512,404.91,-959.116,-943.769
512,404.91,-959.116,-947.076
512,404.91,-959.116,-935.629
512,404.91,-959.116,-932.769
512,404.91,-959.116,-940.472
512,404.91,-959.116,-949.388
512,404.91,-959.116,-926.369
512,404.91,-959.116,-941.616
512,404.91,-959.116,-928.589
512,404.91,-959.116,-933.069
512,404.91,-959.116,-935.889
512,404.91,-959.116,-938.367
512,404.91,-959.116,-952.057
512,404.91,-959.116,-948.27
512,404.91,-959.116,-950.033
512,404.91,-959.116,-943.677
512,404.91,-959.116,-940.121
512,404.91,-959.116,-941.536
512,404.91,-959.116,-927.356
512,404.91,-959.116,-941.487
512,404.91,-959.116,-950.665
512,404.91,-959.116,-945.804
512,404.91,-959.116,-941.769
512,404.91,-959.116,-930.876
512,404.91,-959.116,-936.596
512,404.91,-959.116,-937.703
512,404.91,-959.116,-937.002
512,404.91,-959.116,-947.896
512,404.91,-959.116,-952.935
512,404.91,-959.116,-925.121
512,404.91,-959.116,-948.08
512,404.91,-959.116,-946.098
512,404.91,-959.116,-939.625
512,404.91,-959.116,-952.65
512,404.91,-959.116,-947.945
512,404.91,-959.116,-926.999
512,404.91,-959.116,-938.877
512,404.91,-959.116,-944.436
512,404.91,-959.116,-954.981
512,404.91,-959.116,-941.565
512,404.91,-959.116,-945.213
512,404.91,-959.116,-933.071
512,404.91,-959.116,-947.687
512,404.91,-959.116,-945.376
512,404.91,-959.116,-943.221
512,404.91,-959.116,-940.7
512,404.91,-959.116,-945.701
512,404.91,-959.116,-936.291
512,404.91,-959.116,-942.647
512,404.91,-959.116,-952.863
512,404.91,-959.116,-943.931
512,404.91,-959.116,-930.421
512,404.91,-959.116,-938.305
512,404.91,-959.116,-944.475
512,404.91,-959.116,-940.288
512,404.91,-959.116,-952.683
512,404.91,-959.116,-946.569
512,404.91,-959.116,-923.61
512,404.91,-959.116,-931.784
512,404.91,-959.116,-926.456
512,404.91,-959.116,-931.379
512,404.91,-959.116,-942.221
512,404.91,-959.116,-939.017
512,404.91,-959.116,-959.114
512,404.91,-959.116,-941.561
512,404.91,-959.116,-924.116
512,404.91,-959.116,-950.442
512,404.91,-959.116,-937.302
512,404.91,-959.116,-946.171
512,404.91,-959.116,-950.19
512,404.91,-959.116,-936.66
512,404.91,-959.116,-949.133
512,404.91,-959.116,-936.79
512,404.91,-959.116,-947.071
512,404.91,-959.116,-936.177
512,404.91,-959.116,-942.822
512,404.91,-959.116,-945.14
512,404.91,-959.116,-931.916
512,404.91,-959.116,-930.189
512,404.91,-959.116,-951.64
512,404.91,-959.116,-930.346
512,404.91,-959.116,-944.524
512,404.91,-959.116,-930.257
512,404.91,-959.116,-947.232
512,404.91,-959.116,-945.277
512,404.91,-959.116,-922.906
512,404.91,-959.116,-946.787
512,404.91,-959.116,-925.885
512,404.91,-959.116,-935.311
512,404.91,-959.116,-943.775
512,404.91,-959.116,-925.164
512,404.91,-959.116,-948.653
512,404.91,-959.116,-934.003
512,404.91,-959.116,-935.55
512,404.91,-959.116,-942.877
512,404.91,-959.116,-950.91
512,404.91,-959.116,-943.653
512,404.91,-959.116,-951.02
512,404.91,-959.116,-942.417
512,404.91,-959.116,-940.997
512,404.91,-959.116,-935.547
512,404.91,-959.116,-943.376
512,404.91,-959.116,-914.603
512,404.91,-959.116,-929.253
512,404.91,-959.116,-928.578
512,404.91,-959.116,-923.788
512,404.91,-959.116,-937.96
512,404.91,-959.116,-941.572
512,404.91,-959.116,-944.458
512,404.91,-959.116,-938.431
512,404.91,-959.116,-941.12
512,404.91,-959.116,-931.817
512,404.91,-959.116,-928.174
512,404.91,-959.116,-942.185
512,404.91,-959.116,-953.329
512,404.91,-959.116,-942.672
512,404.91,-959.116,-941.656
512,404.91,-959.116,-936.276
512,404.91,-959.116,-937.511
512,404.91,-959.116,-934.178
512,404.91,-959.116,-955.198
512,404.91,-959.116,-924.599
512,404.91,-959.116,-948.714
512,404.91,-959.116,-954.942
512,404.91,-959.116,-944.299
512,404.91,-959.116,-950.311
512,404.91,-959.116,-950.415
512,404.91,-959.116,-949.232
512,404.91,-959.116,-940.424
512,404.91,-959.116,-938.25
512,404.91,-959.116,-941.499
512,404.91,-959.116,-935.526
512,404.91,-959.116,-927.17
512,404.91,-959.116,-931.956
512,404.91,-959.116,-937.654
512,404.91,-959.116,-935.109
512,404.91,-959.116,-938.355
512,404.91,-959.116,-916.484
512,404.91,-959.116,-935.264
512,404.91,-959.116,-949.684
512,404.91,-959.116,-938.526
512,404.91,-959.116,-943.913
512,404.91,-959.116,-945.75
512,404.91,-959.116,-949.142
512,404.91,-959.116,-928.518
512,404.91,-959.116,-935.284
512,404.91,-959.116,-955.787
512,404.91,-959.116,-929.299
512,404.91,-959.116,-943.122
512,404.91,-959.116,-951.114
512,404.91,-959.116,-936.826
512,404.91,-959.116,-920.204
512,404.91,-959.116,-928.4
512,404.91,-959.116,-942.016
512,404.91,-959.116,-926.037
512,404.91,-959.116,-945.649
512,404.91,-959.116,-944.661
512,404.91,-959.116,-921.573
512,404.91,-959.116,-927.308
512,404.91,-959.116,-941.874
512,404.91,-959.116,-937.451
512,404.91,-959.116,-935.913
512,404.91,-959.116,-918.156
512,404.91,-959.116,-922.884
512,404.91,-959.116,-952.428
512,404.91,-959.116,-951.741
512,404.91,-959.116,-948.888
512,404.91,-959.116,-957.143
512,404.91,-959.116,-935.438
512,404.91,-959.116,-945.643
512,404.91,-959.116,-929.033
512,404.91,-959.116,-942.863
512,404.91,-959.116,-949.091
512,404.91,-959.116,-945.278
512,404.91,-959.116,-933.863
512,404.91,-959.116,-949.795
512,404.91,-959.116,-930.466
512,404.91,-959.116,-930.416
512,404.91,-959.116,-940.766
512,404.91,-959.116,-955.465
512,404.91,-959.116,-946.289
512,404.91,-959.116,-931.175
512,404.91,-959.116,-924.055
512,404.91,-959.116,-941.866
512,404.91,-959.116,-947.956
512,404.91,-959.116,-937.668
512,404.91,-959.116,-909.959
512,404.91,-959.116,-944.49
512,404.203,-959.64,-956.46
512,404.24,-959.641,-936.734
512,404.24,-959.641,-925.707
512,404.234,-959.641,-926.452
512,404.234,-959.641,-946.371
512,404.234,-959.641,-921.497
512,404.234,-959.641,-917.375
512,404.234,-959.641,-927.926
512,404.234,-959.641,-952.567
512,404.234,-959.641,-931.601
512,404.234,-959.641,-934.004
512,404.234,-959.641,-947.747
512,404.234,-959.641,-935.791
512,404.234,-959.641,-945.395
512,404.234,-959.641,-955.908
512,404.234,-959.641,-959.642
512,404.234,-959.641,-947.351
512,404.234,-959.641,-932.364
512,404.234,-959.641,-941.358
512,404.234,-959.641,-935.08
512,404.234,-959.641,-954.97
512,404.233,-959.641,-922.789
512,404.233,-959.641,-935.14
512,404.233,-959.641,-946.963
512,404.234,-959.641,-928.86
512,404.234,-959.641,-932.832
512,404.234,-959.641,-948.986
512,404.234,-959.641,-947.069
512,404.234,-959.641,-946.424
512,404.234,-959.641,-950.683
512,404.234,-959.641,-941.939
512,404.234,-959.641,-938.508
512,404.234,-959.641,-941.865
512,404.234,-959.641,-934.002
512,404.234,-959.641,-938.411
512,404.234,-959.641,-947.492
512,404.233,-959.641,-926.525
512,404.233,-959.641,-949.159
512,404.234,-959.641,-948.763
512,404.234,-959.641,-945.193
512,404.233,-959.641,-942.053
512,404.234,-959.641,-942.912
512,404.233,-959.641,-947.029
512,404.234,-959.641,-944.294
512,404.233,-959.641,-952.373
512,404.233,-959.641,-938.112
512,404.233,-959.641,-934.166
512,404.233,-959.641,-946.684
512,404.234,-959.641,-943.152
512,404.234,-959.641,-926.088
512,404.234,-959.641,-947.436
512,404.233,-959.641,-939.788
512,404.234,-959.641,-930.456
512,404.234,-959.641,-946.752
512,404.233,-959.641,-939.477
512,404.234,-959.641,-942.726
512,404.234,-959.641,-936.513
512,404.233,-959.641,-945.965
512,404.233,-959.641,-949.764
512,404.233,-959.641,-924.127
512,404.234,-959.641,-937.375
512,404.234,-959.641,-928.302
512,404.234,-959.641,-951.204
512,404.234,-959.641,-932.113
512,404.234,-959.641,-939.842
512,404.234,-959.641,-929.057
512,404.233,-959.641,-938.063
512,404.234,-959.641,-948.389
512,404.234,-959.641,-935.109
512,404.234,-959.641,-943.952
512,404.234,-959.641,-946.864
512,404.234,-959.641,-930.416
512,404.234,-959.641,-936.882
512,404.234,-959.641,-952.538
512,404.234,-959.641,-936.25
512,404.233,-959.641,-942.408
512,404.234,-959.641,-939.027
512,404.234,-959.641,-953.856
512,404.234,-959.641,-944.758
512,404.234,-959.641,-937.229
512,404.234,-959.641,-926.789
512,404.234,-959.641,-937.348
512,404.234,-959.641,-945.047
512,404.234,-959.641,-946.451
512,404.233,-959.641,-951.77
512,404.234,-959.641,-950.737
512,404.233,-959.641,-948.295
512,404.234,-959.641,-940.621
512,404.234,-959.641,-955.973
512,404.234,-959.641,-937.788
512,404.234,-959.641,-946.976
512,404.233,-959.641,-949.713
512,404.234,-959.641,-939.554
512,404.233,-959.641,-954.113
512,404.234,-959.641,-945.972
512,404.233,-959.641,-942.268
512,404.234,-959.641,-933.239
512,404.234,-959.641,-957.101
512,404.233,-959.641,-950.1
512,404.234,-959.641,-948.606
512,404.234,-959.641,-937.748
512,404.234,-959.641,-942.53
512,404.234,-959.641,-941.082
512,404.234,-959.641,-952.092
512,404.233,-959.641,-953.534
512,404.233,-959.641,-944.358
512,404.234,-959.641,-914.584
512,404.234,-959.641,-936.274
512,404.234,-959.641,-919.378
512,404.233,-959.641,-928.573
512,404.234,-959.641,-929.683
512,404.233,-959.641,-946.254
512,404.234,-959.641,-940.069
512,404.234,-959.641,-943.419
512,404.233,-959.641,-948.315
512,404.233,-959.641,-943.749
512,404.234,-959.641,-943.889
512,404.233,-959.641,-931.748
512,404.234,-959.641,-926.976
512,404.234,-959.641,-951.332
512,404.233,-959.641,-953.302
512,404.233,-959.641,-928.117
512,404.233,-959.641,-931.064
512,404.233,-959.641,-959.642
512,404.233,-959.641,-940.541
512,404.233,-959.641,-942.194
512,404.233,-959.641,-932.991
512,404.233,-959.641,-923.683
512,404.233,-959.641,-942.053
512,404.233,-959.641,-933.236
512,404.233,-959.641,-930.675
512,404.233,-959.641,-945.24
512,404.233,-959.641,-941.091
512,404.233,-959.641,-941.919
512,404.233,-959.641,-952.663
512,404.233,-959.641,-940.073
512,404.233,-959.641,-951.439
512,404.233,-959.641,-935.85
512,404.234,-959.641,-948.036
512,404.233,-959.641,-935.722
512,404.233,-959.641,-937.531
512,404.233,-959.641,-935.072
512,404.233,-959.641,-936.885
512,404.233,-959.641,-947.504
512,404.233,-959.641,-932.749
512,404.233,-959.641,-946.641
512,404.233,-959.641,-928.704
512,404.233,-959.641,-949.319
512,404.233,-959.641,-932.565
512,404.233,-959.641,-933.121
512,404.233,-959.641,-930.544
512,404.233,-959.641,-949.504
512,404.233,-959.641,-940.87
512,404.233,-959.641,-942.18
512,404.234,-959.641,-944.186
512,404.233,-959.641,-958.907
512,404.234,-959.641,-942.474
512,404.234,-959.641,-941.116
512,404.233,-959.641,-954.068
512,404.233,-959.641,-946.761
512,404.234,-959.641,-941.05
512,404.233,-959.641,-935.047
512,404.233,-959.641,-946.346
512,404.233,-959.641,-909.54
512,404.234,-959.641,-927.938
512,404.234,-959.641,-942.418
512,404.234,-959.641,-932.872
512,404.234,-959.641,-930.882
512,404.234,-959.641,-935.434
512,404.233,-959.641,-946.694
512,404.233,-959.641,-942.83
512,404.234,-959.641,-936.685
512,404.234,-959.641,-942.856
512,404.234,-959.641,-940.582
512,404.233,-959.641,-942.261
512,404.234,-959.641,-948.839
512,404.234,-959.641,-943.731
512,404.234,-959.641,-928.071
512,404.234,-959.641,-955.876
512,404.234,-959.641,-936.829
512,404.234,-959.641,-933.136
512,404.234,-959.641,-949.97
512,404.234,-959.641,-949.717
512,404.234,-959.641,-925.292
512,404.234,-959.641,-933.439
512,404.234,-959.641,-937.509
512,404.233,-959.641,-939.499
512,404.233,-959.641,-950.447
512,404.234,-959.641,-940.616
512,404.234,-959.641,-939.712
512,404.233,-959.641,-938.008
512,404.233,-959.641,-940.886
512,404.234,-959.641,-922.349
512,404.234,-959.641,-944.593
512,404.234,-959.641,-923.333
512,404.234,-959.641,-949.362
512,404.234,-959.641,-934.996
512,404.233,-959.641,-924.893
512,404.233,-959.641,-927.407
512,404.234,-959.641,-959.052
512,404.234,-959.641,-943.562
512,404.234,-959.641,-940.469
512,404.233,-959.641,-945.014
512,404.233,-959.641,-931.834
512,404.233,-959.641,-924.32
512,404.234,-959.641,-946.793
512,404.233,-959.641,-945.03
512,404.234,-959.641,-948.951
512,404.233,-959.641,-958.033
512,404.234,-959.641,-937.083
512,404.234,-959.641,-937.6
512,404.234,-959.641,-942.806
512,404.233,-959.641,-934.546
512,404.234,-959.641,-956.277
512,404.234,-959.641,-927.49
512,404.234,-959.641,-940.353
512,404.233,-959.641,-932.141
512,404.234,-959.641,-924.52
512,404.234,-959.641,-935.067
512,404.233,-959.641,-951.381
512,404.234,-959.641,-944.968
512,404.234,-959.641,-936.454
512,404.234,-959.641,-937.967
512,404.234,-959.641,-947.632
512,404.234,-959.641,-941.981
512,404.233,-959.641,-924.853
512,404.233,-959.641,-939.965
512,404.234,-959.641,-943.094
512,404.233,-959.641,-926.24
512,404.233,-959.641,-952.998
512,404.234,-959.641,-950.202
512,404.234,-959.641,-944.868
512,404.233,-959.641,-949.963
512,404.234,-959.641,-935.077
512,404.233,-959.641,-920.682
512,404.233,-959.641,-940.023
512,404.233,-959.641,-936.29
512,404.233,-959.641,-936.372
512,404.233,-959.641,-928.377
512,404.234,-959.641,-947.437
512,404.233,-959.641,-945.841
512,404.233,-959.641,-946.469
512,404.233,-959.641,-946.522
512,404.233,-959.641,-935.323
512,404.234,-959.641,-946.828
512,404.233,-959.641,-946.941
512,404.234,-959.641,-936.634
512,404.234,-959.641,-952.833
512,404.233,-959.641,-941.291
512,404.233,-959.641,-944.734
512,404.234,-959.641,-942.81
512,404.233,-959.641,-940.566
512,404.233,-959.641,-933.493
512,404.233,-959.641,-932.627
512,404.233,-959.641,-932.23
512,404.233,-959.641,-942.932
512,404.233,-959.641,-945.592
512,404.233,-959.641,-922.68
512,404.233,-959.641,-928.659
512,404.233,-959.641,-948.087
512,404.233,-959.641,-932.929
512,404.234,-959.641,-950.211
512,404.234,-959.641,-942.527
512,404.234,-959.641,-944.261
512,404.233,-959.641,-939.441
512,404.233,-959.641,-939.208
512,404.233,-959.641,-942.585
512,404.233,-959.641,-942.977
512,404.233,-959.641,-947.202
512,404.234,-959.641,-938.704
512,404.234,-959.641,-942.279
512,404.233,-959.641,-946.95
512,404.233,-959.641,-941.379
512,404.233,-959.641,-939.792
512,404.233,-959.641,-941.408
512,404.233,-959.641,-931.617
512,404.233,-959.641,-929.246
512,404.233,-959.641,-937.119
512,404.233,-959.641,-947.898
512,404.233,-959.641,-934.063
512,404.234,-959.641,-926.153
512,404.233,-959.641,-936.466
512,404.233,-959.641,-934.867
512,404.233,-959.641,-948.833
512,404.233,-959.641,-918.446
512,404.233,-959.641,-940.36
512,404.234,-959.641,-947.255
512,404.233,-959.641,-931.375
512,404.233,-959.641,-954.391
512,404.233,-959.641,-956.315
512,404.233,-959.641,-938.877
512,404.233,-959.641,-936.923
512,404.233,-959.641,-931.839
512,404.233,-959.641,-937.266
512,404.233,-959.641,-945.953
512,404.233,-959.641,-933.93
512,404.233,-959.641,-947.635
512,404.233,-959.641,-946.193
512,404.233,-959.641,-955.626
512,404.233,-959.641,-949.339
512,404.233,-959.641,-942.79
512,404.233,-959.641,-923.224
512,404.233,-959.641,-951.997
512,404.233,-959.641,-926.819
512,404.233,-959.641,-941.423
512,404.233,-959.641,-949.953
512,404.233,-959.641,-936.847
512,404.233,-959.641,-934.885
512,404.233,-959.641,-950.767
512,404.233,-959.641,-949.687
512,404.233,-959.641,-932.237
512,404.233,-959.641,-946.425
512,404.233,-959.641,-943.62
512,404.233,-959.641,-940.886
512,404.233,-959.641,-940.776
512,404.233,-959.641,-941.98
512,404.233,-959.641,-941.705
512,404.233,-959.641,-948.43
512,404.233,-959.641,-949.126
512,404.233,-959.641,-935.246
512,404.233,-959.641,-945.654
512,404.233,-959.641,-940.55
512,404.233,-959.641,-929.752
512,404.233,-959.641,-948.739
512,404.233,-959.641,-956.706
512,404.233,-959.641,-946.031
512,404.233,-959.641,-951.618
512,404.233,-959.641,-943.75
512,404.233,-959.641,-947.249
512,404.233,-959.641,-933.036
512,404.233,-959.641,-928.001
512,404.233,-959.641,-940.757
512,404.233,-959.641,-943.553
512,404.233,-959.641,-931.767
512,404.233,-959.641,-949.395
512,404.233,-959.641,-945.418
512,404.233,-959.641,-947.995
512,404.233,-959.641,-950.667
512,404.233,-959.641,-931.107
512,404.233,-959.641,-937.851
512,404.233,-959.641,-922.992
512,404.233,-959.641,-944.219
512,404.233,-959.641,-940.158
512,404.233,-959.641,-936.346
512,404.233,-959.641,-939.221
512,404.233,-959.641,-944.231
512,404.233,-959.641,-925.229
512,404.233,-959.641,-950.82
512,404.233,-959.641,-943.969
512,404.233,-959.641,-947.601
512,404.233,-959.641,-943.775
512,404.233,-959.641,-943.175
512,404.233,-959.641,-937.371
512,404.233,-959.641,-934.135
512,404.233,-959.641,-942.526
512,404.233,-959.641,-929.487
512,404.233,-959.641,-939.151
512,404.233,-959.641,-940.819
512,404.233,-959.641,-949.416
512,404.233,-959.641,-928.233
512,404.233,-959.641,-944.034
512,404.233,-959.641,-927.972
512,404.233,-959.641,-947.369
512,404.233,-959.641,-937.922
512,404.233,-959.641,-940.619
512,404.233,-959.641,-943.896
512,404.233,-959.641,-938.037
512,404.233,-959.641,-935.487
512,404.233,-959.641,-942.108
512,404.233,-959.641,-929.131
512,404.233,-959.641,-940.613
512,404.233,-959.641,-943.676
512,404.233,-959.641,-952.118
512,404.233,-959.641,-937.704
512,404.233,-959.641,-948.585
512,404.233,-959.641,-946.97
512,404.233,-959.641,-957.574
512,404.233,-959.641,-928.169
512,404.233,-959.641,-941.305
512,404.233,-959.641,-950.832
512,404.233,-959.641,-936.016
512,404.233,-959.641,-934.888
512,404.233,-959.641,-929.689
512,404.233,-959.641,-927.087
512,404.233,-959.641,-945.555
512,404.233,-959.641,-939.938
512,404.233,-959.641,-941.136
512,404.233,-959.641,-941.107
512,404.233,-959.641,-945.067
512,404.233,-959.641,-939.042
512,404.233,-959.641,-932.915
512,404.233,-959.641,-939.424
512,404.233,-959.641,-951.16
512,404.233,-959.641,-949.747
512,404.233,-959.641,-951.702
512,404.233,-959.641,-943.679
512,404.233,-959.641,-949.522
512,404.233,-959.641,-934.939
512,404.233,-959.641,-945.218
512,404.233,-959.641,-943.067
512,404.233,-959.641,-928.86
512,404.233,-959.641,-951.638
512,404.233,-959.641,-947.791
512,404.233,-959.641,-929.663
512,404.233,-959.641,-937.564
512,404.233,-959.641,-932.097
512,404.233,-959.641,-942.379
512,404.233,-959.641,-949.913
512,404.233,-959.641,-937.78
512,404.233,-959.641,-930.11
512,404.233,-959.641,-950.861
512,404.233,-959.641,-941.003
512,404.233,-959.641,-938.222
512,404.233,-959.641,-939.421
512,404.233,-959.641,-951.595
512,404.233,-959.641,-950.06
512,404.233,-959.641,-957.396
512,404.233,-959.641,-947.454
512,404.233,-959.641,-924.944
512,404.233,-959.641,-939.761
512,404.233,-959.641,-940.797
512,404.233,-959.641,-953.346
512,404.233,-959.641,-944.74
512,404.233,-959.641,-955.093
512,404.233,-959.641,-942.742
512,404.233,-959.641,-928.129
512,404.233,-959.641,-945.018
512,404.233,-959.641,-942.999
512,404.233,-959.641,-947.708
512,404.233,-959.641,-932.394
512,404.233,-959.641,-932.772
512,404.233,-959.641,-945.321
512,404.233,-959.641,-944.168
512,404.233,-959.641,-936.573
512,404.233,-959.641,-936.336
512,404.233,-959.641,-943.69
512,404.233,-959.641,-945.32
512,404.233,-959.641,-952.832
512,404.233,-959.641,-947.613
512,404.233,-959.641,-943.639
512,404.233,-959.641,-948.226
512,404.233,-959.641,-944.365
512,404.233,-959.641,-947.334
512,404.233,-959.641,-945.323
512,404.233,-959.641,-952.92
512,404.233,-959.641,-936.606
512,404.233,-959.641,-952.738
512,404.233,-959.641,-939.036
512,404.233,-959.641,-924.886
512,404.233,-959.641,-949.798
512,404.233,-959.641,-932.637
512,404.233,-959.641,-956.605
512,404.233,-959.641,-935.822
512,404.233,-959.641,-945.502
512,404.233,-959.641,-938.172
512,404.233,-959.641,-932.757
512,404.233,-959.641,-934.804
512,404.233,-959.641,-948.613
512,404.233,-959.641,-942.666
512,404.233,-959.641,-947.004
512,404.233,-959.641,-928.062
512,404.233,-959.641,-948.481
512,404.233,-959.641,-938.901
512,404.233,-959.641,-947.143
512,404.233,-959.641,-954.16
512,404.233,-959.641,-944.726
512,404.233,-959.641,-947.875
512,404.233,-959.641,-938.934
512,404.233,-959.641,-937.645
512,404.233,-959.641,-942.061
512,404.233,-959.641,-953.663
512,404.233,-959.641,-948.701
512,404.233,-959.641,-921.892
512,404.233,-959.641,-938.365
512,404.233,-959.641,-945.111
512,404.233,-959.641,-952.478
512,404.233,-959.641,-923.619
512,404.233,-959.641,-944.228
512,404.233,-959.641,-938.511
512,404.233,-959.641,-925.569
512,404.233,-959.641,-939.392
512,404.233,-959.641,-937.063
512,404.233,-959.641,-941.597
512,404.233,-959.641,-945.159
512,404.233,-959.641,-939.216
512,404.233,-959.641,-950.663
512,404.233,-959.641,-946.226
512,404.233,-959.641,-936.457
512,404.233,-959.641,-940.736
512,404.233,-959.641,-948.766
512,404.233,-959.641,-923.025
512,404.233,-959.641,-932.438
512,404.233,-959.641,-923.787
512,404.233,-959.641,-925.849
512,404.233,-959.641,-910.914
512,404.233,-959.641,-935.772
512,404.233,-959.641,-941.454
512,404.233,-959.641,-951.95
512,404.233,-959.641,-923.423
512,404.233,-959.641,-951.701
512,404.233,-959.641,-936.19
512,404.233,-959.641,-948.619
512,404.233,-959.641,-941.717
512,404.233,-959.641,-943.25
512,404.233,-959.641,-924.883
512,404.233,-959.641,-948.793
512,404.233,-959.641,-951.906
512,404.233,-959.641,-941.576
512,404.233,-959.641,-938.85
512,404.233,-959.641,-940.13
512,404.233,-959.641,-941.467
512,404.233,-959.641,-935.413
512,404.233,-959.641,-934.511
512,404.233,-959.641,-933.147
512,404.233,-959.641,-942.298
512,404.233,-959.641,-946.321
512,404.233,-959.641,-928.249
512,404.233,-959.641,-941.986
512,404.233,-959.641,-949.742
512,404.233,-959.641,-933.425
512,404.233,-959.641,-929.532
512,404.233,-959.641,-946.471
512,404.233,-959.641,-939.959
512,404.233,-959.641,-958.559
512,404.233,-959.641,-933.905
512,404.233,-959.641,-939.365
512,404.233,-959.641,-948.351
512,404.233,-959.641,-944.861
512,404.233,-959.641,-949.056
512,404.233,-959.641,-935.676
512,404.233,-959.641,-944.855
512,404.233,-959.641,-938.92
512,404.233,-959.641,-941.121
512,404.233,-959.641,-944.63
512,404.233,-959.641,-936.238
512,404.233,-959.641,-931.519
512,404.233,-959.641,-944.246
512,404.233,-959.641,-938.833
512,404.233,-959.641,-948.227
512,404.233,-959.641,-952.697
512,404.233,-959.641,-936.304
512,404.233,-959.641,-933.991
512,404.233,-959.641,-938.285
512,404.233,-959.641,-934.185
512,404.233,-959.641,-932.529
512,404.233,-959.641,-926.578
512,404.233,-959.641,-947.318
512,404.233,-959.641,-932.821
512,404.233,-959.641,-931.883
512,404.233,-959.641,-950.938
512,404.233,-959.641,-946.018
512,404.233,-959.641,-946.006
512,404.233,-959.641,-929.739
512,404.233,-959.641,-953.923
512,404.233,-959.641,-932.388
512,404.233,-959.641,-940.675
512,404.233,-959.641,-937.625
512,404.233,-959.641,-954.672
512,404.233,-959.641,-941.76
512,404.233,-959.641,-942.833
512,404.233,-959.641,-937.895
512,404.233,-959.641,-949.946
512,404.233,-959.641,-940.076
512,404.233,-959.641,-924.875
512,404.233,-959.641,-933.928
512,404.233,-959.641,-946.872
512,404.233,-959.641,-946.066
512,404.233,-959.641,-946.929
512,404.233,-959.641,-924.505
512,404.233,-959.641,-938.659
512,404.233,-959.641,-935.688
512,404.233,-959.641,-944.464
512,404.233,-959.641,-940.853
512,404.233,-959.641,-943.386
512,404.233,-959.641,-926.106
512,404.233,-959.641,-927.005
512,404.233,-959.641,-946.17
512,404.233,-959.641,-930.937
512,404.233,-959.641,-948.597
512,404.233,-959.641,-940.375
512,404.233,-959.641,-941.515
512,404.233,-959.641,-936.425
512,404.233,-959.641,-932.143
512,404.233,-959.641,-946.549
512,404.233,-959.641,-944.253
512,404.233,-959.641,-955.975
512,404.233,-959.641,-943.418
512,404.233,-959.641,-948.695
512,404.233,-959.641,-945.854
512,404.233,-959.641,-946.606
512,404.233,-959.641,-937.517
512,404.233,-959.641,-943.014
512,404.233,-959.641,-941.927
512,404.233,-959.641,-942.826
512,404.233,-959.641,-944.087
512,404.233,-959.641,-952.564
512,404.233,-959.641,-950.108
512,404.233,-959.641,-919.743
512,404.233,-959.641,-949.482
512,404.233,-959.641,-955.826
512,404.233,-959.641,-947.808
512,404.233,-959.641,-933.361
512,404.233,-959.641,-938.629
512,404.233,-959.641,-943.722
512,404.233,-959.641,-925.661
512,404.233,-959.641,-922.087
512,404.233,-959.641,-945.597
512,404.233,-959.641,-917.191
512,404.233,-959.641,-952.2
512,404.233,-959.641,-925.221
512,404.233,-959.641,-955.992
512,404.233,-959.641,-936.61
512,404.233,-959.641,-952.314
512,404.233,-959.641,-939.977
512,404.233,-959.641,-945.031
512,404.233,-959.641,-939.767
512,404.233,-959.641,-940.043
512,404.233,-959.641,-944.636
512,404.233,-959.641,-949.5
512,404.233,-959.641,-940.98
512,404.233,-959.641,-949.621
512,404.233,-959.641,-935.907
512,404.233,-959.641,-937.561
512,404.233,-959.641,-942.178
512,404.233,-959.641,-946.718
512,404.233,-959.641,-930.973
512,404.233,-959.641,-919.286
512,404.233,-959.641,-935.703
512,404.233,-959.641,-934.818
512,404.233,-959.641,-942.388
512,404.233,-959.641,-944.685
512,404.233,-959.641,-938.438
512,404.233,-959.641,-939.626
512,404.233,-959.641,-940.476
512,404.233,-959.641,-944.809
512,404.233,-959.641,-919.885
512,404.233,-959.641,-943.765
512,404.233,-959.641,-928.415
512,404.233,-959.641,-940.066
512,404.233,-959.641,-931.811
512,404.233,-959.641,-940.386
512,404.233,-959.641,-942.709
512,404.233,-959.641,-942.067
512,404.233,-959.641,-944.155
512,404.233,-959.641,-937.14
512,404.233,-959.641,-952.349
512,404.233,-959.641,-943.514
512,404.233,-959.641,-941.712
512,404.233,-959.641,-933.888
512,404.233,-959.641,-946.149
512,404.233,-959.641,-943.904
512,404.233,-959.641,-927.822
512,404.233,-959.641,-932.713
512,404.233,-959.641,-935.854
512,404.233,-959.641,-939.448
512,404.233,-959.641,-946.452
512,404.233,-959.641,-937.959
512,404.233,-959.641,-934.639
512,404.233,-959.641,-937.489
